{
    "a": 5.7010292793650654, 
    "fp": null, 
    "b": 0.059657728462814641, 
    "ecc": 0.0071200000000000005, 
    "inc_stellar": 90, 
    "limb_dark": "quadratic", 
    "per": 1.4857121008928389, 
    "per_rot": 12.04, 
    "lam": 0.0, 
    "t_secondary": null, 
    "t0": 2455185.6781621235, 
    "w": -84.559667968994489, 
    "duration": 0.095003460971537251, 
    "rp": 0.13116853009018928, 
    "u": [
        0.32468314551760763, 
        0.41037209744754882
    ], 
    "inc": 89.40464405157114
}