{
    "a": 14.767777372593288, 
    "fp": null, 
    "b": 0.14505919946625354, 
    "ecc": 0.2744922585429323, 
    "inc_stellar": 80, 
    "limb_dark": "quadratic", 
    "per": 4.887802573074886, 
    "per_rot": 29.984, 
    "lam": 106.0, 
    "t_secondary": null, 
    "t0": 2454605.8914656607, 
    "w": 18.03890135536712, 
    "duration": 0.09797312024037437, 
    "rp": 0.058332933176520024, 
    "u": [
        0.64041610117540437, 
        0.048367274306482549
    ], 
    "inc": 89.339591165877408
}