{
    "a": 14.770858177139598, 
    "fp": null, 
    "b": 0.143443142704645, 
    "ecc": 0.2744922585429323, 
    "inc_stellar": 80, 
    "rho_star": 1.8082748494218275, 
    "limb_dark": "quadratic", 
    "per": 4.8878025843894006, 
    "per_rot": 29.192083459347486, 
    "lam": 106.0, 
    "t_secondary": null, 
    "t0": 2454605.8914623754, 
    "w": 18.03890135536712, 
    "duration": 0.097973065981468405, 
    "rp": 0.058330305324663184, 
    "u": [
        0.6407001070602456, 
        0.047761746059854178
    ], 
    "inc": 89.34708509841991
}